Date,SAT,RES,LAT,LON,L_MIR,L_TIR,ZEN,AZI
03-Mar-2024 07:30:01,VIIRS375,375,9954339.6898693,662612.694496605,0.986270143921084,7.74479959932186,7.61904516178494,-80.4643299339407
03-Mar-2024 07:30:01,VIIRS375,375,9955089.6898693,662612.694496605,1.13798456629727,7.19593911042744,7.61904516178494,-80.4643299339407
03-Mar-2024 07:30:01,VIIRS375,375,9952839.6898693,663362.694496605,1.31759094863313,7.99988583444029,7.61904516178494,-80.4643299339407
03-Mar-2024 07:30:01,VIIRS375,375,9953964.6898693,663362.694496605,1.17520770427698,7.93295360703563,7.61904516178494,-80.4643299339407
03-Mar-2024 07:30:01,VIIRS375,375,9952464.6898693,664112.694496605,1.41948520356551,8.04780052473672,7.61904516178494,-80.4643299339407
03-Mar-2024 07:30:01,VIIRS375,375,9958464.6898693,664112.694496605,0.912163016653994,5.66305704430387,7.61904516178494,-80.4643299339407
03-Mar-2024 07:30:01,VIIRS375,375,9955839.6898693,664487.694496605,0.892068420913925,5.09049137844252,7.61904516178494,-80.4643299339407
03-Mar-2024 07:30:01,VIIRS375,375,9956214.6898693,664487.694496605,0.788252162927066,4.98317258332612,7.61904516178494,-80.4643299339407
03-Mar-2024 07:30:01,VIIRS375,375,9958464.6898693,664487.694496605,0.944303826052565,5.64124346598718,7.61904516178494,-80.4643299339407
03-Mar-2024 07:30:01,VIIRS375,375,9952089.6898693,664862.694496605,1.34986182071645,8.10775429775159,7.61904516178494,-80.4643299339407
03-Mar-2024 07:30:01,VIIRS375,375,9956964.6898693,664862.694496605,0.681804028746265,4.82751301322923,7.61904516178494,-80.4643299339407
03-Mar-2024 07:30:01,VIIRS375,375,9958089.6898693,664862.694496605,0.697782655294261,5.09477750113515,7.61904516178494,-80.4643299339407
03-Mar-2024 07:30:01,VIIRS375,375,9958839.6898693,664862.694496605,1.25606213593288,7.22640290750749,7.61904516178494,-80.4643299339407
03-Mar-2024 07:30:01,VIIRS375,375,9954714.6898693,665237.694496605,1.15500632286312,8.00062881007544,7.61904516178494,-80.4643299339407
03-Mar-2024 07:30:01,VIIRS375,375,9955464.6898693,665237.694496605,1.73968985961104,10.2589760577222,7.61904516178494,-80.4643299339407
03-Mar-2024 07:30:01,VIIRS375,375,9951339.6898693,665987.694496605,1.35772912355675,8.02610621711339,7.61904516178494,-80.4643299339407
03-Mar-2024 07:30:01,VIIRS375,375,9958839.6898693,666362.694496605,1.35781121187744,7.77876287495865,7.61904516178494,-80.4643299339407
03-Mar-2024 07:30:01,VIIRS375,375,9959214.6898693,666362.694496605,0.967398628470531,7.71769060722492,7.61904516178494,-80.4643299339407
03-Mar-2024 07:30:01,VIIRS375,375,9952464.6898693,667487.694496605,1.4179420436644,8.15133765200724,7.61904516178494,-80.4643299339407
03-Mar-2024 07:30:01,VIIRS375,375,9958089.6898693,667487.694496605,1.25374916801514,8.03802053697362,7.61904516178494,-80.4643299339407
03-Mar-2024 07:30:01,VIIRS375,375,9953214.6898693,668237.694496605,1.36494066140718,8.23998812138014,7.61904516178494,-80.4643299339407
03-Mar-2024 07:30:01,VIIRS375,375,9953964.6898693,668237.694496605,1.32221315080877,8.241490328064,7.61904516178494,-80.4643299339407
03-Mar-2024 07:30:01,VIIRS375,375,9956589.6898693,659237.694496605,0.503863829980889,7.05633399173826,7.61904516178494,-80.4643299339407
03-Mar-2024 07:30:01,VIIRS375,375,9957339.6898693,659612.694496605,0.578540042092298,6.6234822037623,7.61904516178494,-80.4643299339407
03-Mar-2024 07:30:01,VIIRS375,375,9957714.6898693,659612.694496605,0.538200346058316,5.99252454343018,7.61904516178494,-80.4643299339407
03-Mar-2024 07:30:01,VIIRS375,375,9959964.6898693,659987.694496605,0.801275445520631,6.40937051248601,7.61904516178494,-80.4643299339407
03-Mar-2024 07:30:01,VIIRS375,375,9960339.6898693,659987.694496605,0.821932675026447,6.24571761208907,7.61904516178494,-80.4643299339407
03-Mar-2024 07:30:01,VIIRS375,375,9958839.6898693,660362.694496605,0.448261356560537,5.84506035023129,7.61904516178494,-80.4643299339407
03-Mar-2024 07:30:01,VIIRS375,375,9957714.6898693,660737.694496605,0.348589735976879,5.56030329379121,7.61904516178494,-80.4643299339407
03-Mar-2024 07:30:01,VIIRS375,375,9958839.6898693,660737.694496605,0.590131548691425,6.70236807636828,7.61904516178494,-80.4643299339407
03-Mar-2024 07:30:01,VIIRS375,375,9959214.6898693,660737.694496605,0.914534840272574,6.84546675595428,7.61904516178494,-80.4643299339407
03-Mar-2024 07:30:01,VIIRS375,375,9959589.6898693,660737.694496605,0.761210155732486,6.47875197218527,7.61904516178494,-80.4643299339407
03-Mar-2024 07:30:01,VIIRS375,375,9957714.6898693,661112.694496605,0.30257573547703,5.62219421571677,7.61904516178494,-80.4643299339407
03-Mar-2024 07:30:01,VIIRS375,375,9958839.6898693,661112.694496605,0.585285241753878,6.76914529345472,7.61904516178494,-80.4643299339407
03-Mar-2024 07:30:01,VIIRS375,375,9960339.6898693,661112.694496605,0.873044840697503,6.95731738695875,7.61904516178494,-80.4643299339407
03-Mar-2024 07:30:01,VIIRS375,375,9958089.6898693,661487.694496605,0.390935017709129,5.65534819116399,7.61904516178494,-80.4643299339407
03-Mar-2024 07:30:01,VIIRS375,375,9959589.6898693,661487.694496605,0.74967606330745,6.33840984466701,7.61904516178494,-80.4643299339407
03-Mar-2024 07:30:01,VIIRS375,375,9960339.6898693,661487.694496605,0.873818329402977,7.22361120709597,7.61904516178494,-80.4643299339407
03-Mar-2024 07:30:01,VIIRS375,375,9960714.6898693,661487.694496605,0.898208619236724,7.00115648666453,7.61904516178494,-80.4643299339407
03-Mar-2024 07:30:01,VIIRS375,375,9958089.6898693,661862.694496605,0.520819611721905,5.7008454910803,7.61904516178494,-80.4643299339407
03-Mar-2024 07:30:01,VIIRS375,375,9959589.6898693,661862.694496605,1.18106678212179,6.85891209867023,7.61904516178494,-80.4643299339407
03-Mar-2024 07:30:01,VIIRS375,375,9958089.6898693,662237.694496605,0.608588564267202,5.83748590668672,7.61904516178494,-80.4643299339407
03-Mar-2024 07:30:01,VIIRS375,375,9959589.6898693,662237.694496605,1.17038618606292,7.64282103392509,7.61904516178494,-80.4643299339407
03-Mar-2024 07:30:01,VIIRS375,375,9958464.6898693,662612.694496605,0.646108185160293,5.94378847700392,7.61904516178494,-80.4643299339407
03-Mar-2024 07:30:01,VIIRS375,375,9958839.6898693,662612.694496605,1.22063098803418,7.07048504525501,7.61904516178494,-80.4643299339407
03-Mar-2024 07:30:01,VIIRS375,375,9959214.6898693,662987.694496605,1.12346995908166,8.00090082783032,7.61904516178494,-80.4643299339407
03-Mar-2024 07:30:01,VIIRS375,375,9959214.6898693,663362.694496605,0.926673370023343,8.01169632402391,7.61904516178494,-80.4643299339407
03-Mar-2024 07:30:01,VIIRS375,375,9958464.6898693,661862.694496605,1.13041948036318,5.87718661303051,7.61904516178494,-80.4643299339407
03-Mar-2024 07:30:01,VIIRS375,375,9958839.6898693,661862.694496605,1.48218162394946,5.87856486603711,7.61904516178494,-80.4643299339407
03-Mar-2024 07:30:01,VIIRS375,375,9959214.6898693,661862.694496605,1.63806103606933,6.48845566310762,7.61904516178494,-80.4643299339407
03-Mar-2024 07:30:01,VIIRS375,375,9958464.6898693,662237.694496605,1.27668305093922,6.78969189704118,7.61904516178494,-80.4643299339407
03-Mar-2024 07:30:01,VIIRS375,375,9958839.6898693,662237.694496605,1.33034983310189,7.38942371461834,7.61904516178494,-80.4643299339407
03-Mar-2024 07:30:01,VIIRS375,375,9954714.6898693,662612.694496605,1.3707050946066,7.63710429651196,7.61904516178494,-80.4643299339407
03-Mar-2024 07:30:01,VIIRS375,375,9954339.6898693,662987.694496605,1.51156863286763,7.70647965278172,7.61904516178494,-80.4643299339407
03-Mar-2024 07:30:01,VIIRS375,375,9954714.6898693,662987.694496605,2.18382535457575,7.45902797855498,7.61904516178494,-80.4643299339407
03-Mar-2024 07:30:01,VIIRS375,375,9955089.6898693,662987.694496605,1.25265337198712,6.49373110835754,7.61904516178494,-80.4643299339407
03-Mar-2024 07:30:01,VIIRS375,375,9958839.6898693,662987.694496605,2.18434436903242,6.33971954960301,7.61904516178494,-80.4643299339407
03-Mar-2024 07:30:01,VIIRS375,375,9953214.6898693,663362.694496605,1.5584664646523,7.94034345404064,7.61904516178494,-80.4643299339407
03-Mar-2024 07:30:01,VIIRS375,375,9954339.6898693,663362.694496605,2.53660989984946,7.63380211033708,7.61904516178494,-80.4643299339407
03-Mar-2024 07:30:01,VIIRS375,375,9954714.6898693,663362.694496605,3.03884458095812,7.21831158309041,7.61904516178494,-80.4643299339407
03-Mar-2024 07:30:01,VIIRS375,375,9955089.6898693,663362.694496605,1.61580089745348,5.72146211827195,7.61904516178494,-80.4643299339407
03-Mar-2024 07:30:01,VIIRS375,375,9958839.6898693,663362.694496605,1.60585001291105,6.3550313665054,7.61904516178494,-80.4643299339407
03-Mar-2024 07:30:01,VIIRS375,375,9952839.6898693,663737.694496605,1.8317677471989,7.89657683342774,7.61904516178494,-80.4643299339407
03-Mar-2024 07:30:01,VIIRS375,375,9953214.6898693,663737.694496605,1.77796329718512,7.92557839925976,7.61904516178494,-80.4643299339407
03-Mar-2024 07:30:01,VIIRS375,375,9953589.6898693,663737.694496605,1.48289948212473,7.96739567670432,7.61904516178494,-80.4643299339407
03-Mar-2024 07:30:01,VIIRS375,375,9953964.6898693,663737.694496605,2.25196681154112,7.83929667033167,7.61904516178494,-80.4643299339407
03-Mar-2024 07:30:01,VIIRS375,375,9954339.6898693,663737.694496605,3.20154417858443,7.54586084682056,7.61904516178494,-80.4643299339407
03-Mar-2024 07:30:01,VIIRS375,375,9954714.6898693,663737.694496605,3.46807314184126,6.93863922458981,7.61904516178494,-80.4643299339407
03-Mar-2024 07:30:01,VIIRS375,375,9955089.6898693,663737.694496605,2.73144165516259,5.6490702907272,7.61904516178494,-80.4643299339407
03-Mar-2024 07:30:01,VIIRS375,375,9958839.6898693,663737.694496605,1.5433118464561,6.67692234171723,7.61904516178494,-80.4643299339407
03-Mar-2024 07:30:01,VIIRS375,375,9952839.6898693,664112.694496605,2.40877017965489,7.88842544808019,7.61904516178494,-80.4643299339407
03-Mar-2024 07:30:01,VIIRS375,375,9953214.6898693,664112.694496605,2.44111799075404,7.91938424489429,7.61904516178494,-80.4643299339407
03-Mar-2024 07:30:01,VIIRS375,375,9953589.6898693,664112.694496605,2.64174837568836,7.93095352284719,7.61904516178494,-80.4643299339407
03-Mar-2024 07:30:01,VIIRS375,375,9953964.6898693,664112.694496605,3.12691287799988,7.84600316618236,7.61904516178494,-80.4643299339407
03-Mar-2024 07:30:01,VIIRS375,375,9954339.6898693,664112.694496605,3.1248988317993,7.58293626648095,7.61904516178494,-80.4643299339407
03-Mar-2024 07:30:01,VIIRS375,375,9954714.6898693,664112.694496605,3.05049068948077,7.1192686360011,7.61904516178494,-80.4643299339407
03-Mar-2024 07:30:01,VIIRS375,375,9955089.6898693,664112.694496605,3.58646744902605,5.72309495802751,7.61904516178494,-80.4643299339407
03-Mar-2024 07:30:01,VIIRS375,375,9958839.6898693,664112.694496605,1.55583660216809,6.97830476435358,7.61904516178494,-80.4643299339407
03-Mar-2024 07:30:01,VIIRS375,375,9952464.6898693,664487.694496605,1.49939925331013,8.04045435661397,7.61904516178494,-80.4643299339407
03-Mar-2024 07:30:01,VIIRS375,375,9952839.6898693,664487.694496605,2.27436865148417,7.95623210660106,7.61904516178494,-80.4643299339407
03-Mar-2024 07:30:01,VIIRS375,375,9953214.6898693,664487.694496605,3.01975756237217,7.92981004759699,7.61904516178494,-80.4643299339407
03-Mar-2024 07:30:01,VIIRS375,375,9953589.6898693,664487.694496605,3.4354773075462,7.9746743571996,7.61904516178494,-80.4643299339407
03-Mar-2024 07:30:01,VIIRS375,375,9953964.6898693,664487.694496605,2.61673607607253,9.32589824130867,7.61904516178494,-80.4643299339407
03-Mar-2024 07:30:01,VIIRS375,375,9954339.6898693,664487.694496605,4.6593,9.82532587512992,7.61904516178494,-80.4643299339407
03-Mar-2024 07:30:01,VIIRS375,375,9954714.6898693,664487.694496605,2.46856106660524,7.49247845397283,7.61904516178494,-80.4643299339407
03-Mar-2024 07:30:01,VIIRS375,375,9955089.6898693,664487.694496605,2.74726284957932,6.28798074231083,7.61904516178494,-80.4643299339407
03-Mar-2024 07:30:01,VIIRS375,375,9955464.6898693,664487.694496605,1.49441773582897,5.28722192759976,7.61904516178494,-80.4643299339407
03-Mar-2024 07:30:01,VIIRS375,375,9958839.6898693,664487.694496605,1.38545929365599,7.02362899442718,7.61904516178494,-80.4643299339407
03-Mar-2024 07:30:01,VIIRS375,375,9952464.6898693,664862.694496605,1.77016151532819,8.05148613769276,7.61904516178494,-80.4643299339407
03-Mar-2024 07:30:01,VIIRS375,375,9952839.6898693,664862.694496605,2.41328632617513,7.98964444959404,7.61904516178494,-80.4643299339407
03-Mar-2024 07:30:01,VIIRS375,375,9953214.6898693,664862.694496605,3.69217437633394,7.97888898520707,7.61904516178494,-80.4643299339407
03-Mar-2024 07:30:01,VIIRS375,375,9953589.6898693,664862.694496605,4.06234336564187,7.99619482558128,7.61904516178494,-80.4643299339407
03-Mar-2024 07:30:01,VIIRS375,375,9953964.6898693,664862.694496605,2.77720214192678,8.7737852861872,7.61904516178494,-80.4643299339407
03-Mar-2024 07:30:01,VIIRS375,375,9954339.6898693,664862.694496605,4.6593,11.3661981555153,7.61904516178494,-80.4643299339407
03-Mar-2024 07:30:01,VIIRS375,375,9954714.6898693,664862.694496605,4.6593,10.2532021380286,7.61904516178494,-80.4643299339407
03-Mar-2024 07:30:01,VIIRS375,375,9955089.6898693,664862.694496605,2.29997776525089,6.99435377563003,7.61904516178494,-80.4643299339407
03-Mar-2024 07:30:01,VIIRS375,375,9955464.6898693,664862.694496605,2.80223152750411,5.76019559030253,7.61904516178494,-80.4643299339407
03-Mar-2024 07:30:01,VIIRS375,375,9955839.6898693,664862.694496605,2.28317881041252,5.32690086756784,7.61904516178494,-80.4643299339407
03-Mar-2024 07:30:01,VIIRS375,375,9956214.6898693,664862.694496605,1.73959707275575,5.07497221830036,7.61904516178494,-80.4643299339407
03-Mar-2024 07:30:01,VIIRS375,375,9956589.6898693,664862.694496605,1.29140231594692,4.94946911423904,7.61904516178494,-80.4643299339407
03-Mar-2024 07:30:01,VIIRS375,375,9958464.6898693,664862.694496605,1.434760278203,5.68872101788709,7.61904516178494,-80.4643299339407
03-Mar-2024 07:30:01,VIIRS375,375,9952089.6898693,665237.694496605,1.61388745602293,8.09199799855492,7.61904516178494,-80.4643299339407
03-Mar-2024 07:30:01,VIIRS375,375,9952464.6898693,665237.694496605,2.18391916368249,8.0223267183637,7.61904516178494,-80.4643299339407
03-Mar-2024 07:30:01,VIIRS375,375,9952839.6898693,665237.694496605,2.92221623629546,7.99298354534886,7.61904516178494,-80.4643299339407
03-Mar-2024 07:30:01,VIIRS375,375,9953214.6898693,665237.694496605,4.05924638520781,8.0006780576291,7.61904516178494,-80.4643299339407
03-Mar-2024 07:30:01,VIIRS375,375,9953589.6898693,665237.694496605,4.5432,8.04070731672527,7.61904516178494,-80.4643299339407
03-Mar-2024 07:30:01,VIIRS375,375,9953964.6898693,665237.694496605,3.30330656658015,8.03305531204606,7.61904516178494,-80.4643299339407
03-Mar-2024 07:30:01,VIIRS375,375,9954339.6898693,665237.694496605,1.92334162224733,8.00647749634187,7.61904516178494,-80.4643299339407
03-Mar-2024 07:30:01,VIIRS375,375,9955839.6898693,665237.694496605,2.35094141156357,9.78130259778436,7.61904516178494,-80.4643299339407
03-Mar-2024 07:30:01,VIIRS375,375,9956214.6898693,665237.694496605,2.28356438212332,7.52387589131198,7.61904516178494,-80.4643299339407
03-Mar-2024 07:30:01,VIIRS375,375,9956589.6898693,665237.694496605,1.86619494903463,6.16885259368978,7.61904516178494,-80.4643299339407
03-Mar-2024 07:30:01,VIIRS375,375,9956964.6898693,665237.694496605,1.16137044691442,4.95017799887101,7.61904516178494,-80.4643299339407
03-Mar-2024 07:30:01,VIIRS375,375,9957339.6898693,665237.694496605,0.905032336714946,5.11213661620383,7.61904516178494,-80.4643299339407
03-Mar-2024 07:30:01,VIIRS375,375,9957714.6898693,665237.694496605,1.10607511301305,5.48271818705138,7.61904516178494,-80.4643299339407
03-Mar-2024 07:30:01,VIIRS375,375,9958089.6898693,665237.694496605,2.04898138954958,6.19818454959545,7.61904516178494,-80.4643299339407
03-Mar-2024 07:30:01,VIIRS375,375,9958464.6898693,665237.694496605,2.21183811225768,7.27097710412503,7.61904516178494,-80.4643299339407
03-Mar-2024 07:30:01,VIIRS375,375,9958839.6898693,665237.694496605,1.50138759850914,7.77643500781047,7.61904516178494,-80.4643299339407
03-Mar-2024 07:30:01,VIIRS375,375,9951714.6898693,665612.694496605,1.48401062539757,8.08678731436853,7.61904516178494,-80.4643299339407
03-Mar-2024 07:30:01,VIIRS375,375,9952089.6898693,665612.694496605,1.91895837083213,8.05175678714248,7.61904516178494,-80.4643299339407
03-Mar-2024 07:30:01,VIIRS375,375,9952464.6898693,665612.694496605,2.68220450233298,7.99944400074985,7.61904516178494,-80.4643299339407
03-Mar-2024 07:30:01,VIIRS375,375,9952839.6898693,665612.694496605,3.92637947408053,7.97412300712102,7.61904516178494,-80.4643299339407
03-Mar-2024 07:30:01,VIIRS375,375,9953214.6898693,665612.694496605,4.39111560961089,8.0384875300049,7.61904516178494,-80.4643299339407
03-Mar-2024 07:30:01,VIIRS375,375,9953589.6898693,665612.694496605,4.10126780740614,8.11395579626582,7.61904516178494,-80.4643299339407
03-Mar-2024 07:30:01,VIIRS375,375,9953964.6898693,665612.694496605,3.37212393966101,8.2349753839462,7.61904516178494,-80.4643299339407
03-Mar-2024 07:30:01,VIIRS375,375,9954339.6898693,665612.694496605,2.57378830708095,8.62143457025488,7.61904516178494,-80.4643299339407
03-Mar-2024 07:30:01,VIIRS375,375,9954714.6898693,665612.694496605,4.6593,9.69385544579653,7.61904516178494,-80.4643299339407
03-Mar-2024 07:30:01,VIIRS375,375,9955464.6898693,665612.694496605,4.6593,20.3463713856442,7.61904516178494,-80.4643299339407
03-Mar-2024 07:30:01,VIIRS375,375,9955839.6898693,665612.694496605,4.6593,19.238792840689,7.61904516178494,-80.4643299339407
03-Mar-2024 07:30:01,VIIRS375,375,9956214.6898693,665612.694496605,4.6593,17.0375549842585,7.61904516178494,-80.4643299339407
03-Mar-2024 07:30:01,VIIRS375,375,9956589.6898693,665612.694496605,4.6593,11.3938442550394,7.61904516178494,-80.4643299339407
03-Mar-2024 07:30:01,VIIRS375,375,9956964.6898693,665612.694496605,2.05511528193622,5.94257396519316,7.61904516178494,-80.4643299339407
03-Mar-2024 07:30:01,VIIRS375,375,9957339.6898693,665612.694496605,1.61498853614884,5.92777962705355,7.61904516178494,-80.4643299339407
03-Mar-2024 07:30:01,VIIRS375,375,9957714.6898693,665612.694496605,2.65627633974334,8.29220089252103,7.61904516178494,-80.4643299339407
03-Mar-2024 07:30:01,VIIRS375,375,9958089.6898693,665612.694496605,4.6593,21.0867873725152,7.61904516178494,-80.4643299339407
03-Mar-2024 07:30:01,VIIRS375,375,9958464.6898693,665612.694496605,4.6593,18.0348463829616,7.61904516178494,-80.4643299339407
03-Mar-2024 07:30:01,VIIRS375,375,9958839.6898693,665612.694496605,2.4411422414804,8.45625899958051,7.61904516178494,-80.4643299339407
03-Mar-2024 07:30:01,VIIRS375,375,9959214.6898693,665612.694496605,2.11020716610942,9.01195877551203,7.61904516178494,-80.4643299339407
03-Mar-2024 07:30:01,VIIRS375,375,9951714.6898693,665987.694496605,1.75420195328412,8.03735800076742,7.61904516178494,-80.4643299339407
03-Mar-2024 07:30:01,VIIRS375,375,9952089.6898693,665987.694496605,2.32752952817481,7.99676589160372,7.61904516178494,-80.4643299339407
03-Mar-2024 07:30:01,VIIRS375,375,9952464.6898693,665987.694496605,3.13067904285097,7.96318921704251,7.61904516178494,-80.4643299339407
03-Mar-2024 07:30:01,VIIRS375,375,9952839.6898693,665987.694496605,4.5432,7.98337248343703,7.61904516178494,-80.4643299339407
03-Mar-2024 07:30:01,VIIRS375,375,9953214.6898693,665987.694496605,4.47755401085923,8.20625667825074,7.61904516178494,-80.4643299339407
03-Mar-2024 07:30:01,VIIRS375,375,9953589.6898693,665987.694496605,3.0386910129212,9.57008322358777,7.61904516178494,-80.4643299339407
03-Mar-2024 07:30:01,VIIRS375,375,9953964.6898693,665987.694496605,4.6593,10.5799675006584,7.61904516178494,-80.4643299339407
03-Mar-2024 07:30:01,VIIRS375,375,9954339.6898693,665987.694496605,4.6593,11.2797927287595,7.61904516178494,-80.4643299339407
03-Mar-2024 07:30:01,VIIRS375,375,9954714.6898693,665987.694496605,4.6593,22.4200440098315,7.61904516178494,-80.4643299339407
03-Mar-2024 07:30:01,VIIRS375,375,9955089.6898693,665987.694496605,4.6593,21.0177031427604,7.61904516178494,-80.4643299339407
03-Mar-2024 07:30:01,VIIRS375,375,9955464.6898693,665987.694496605,4.6593,22.9813,7.61904516178494,-80.4643299339407
03-Mar-2024 07:30:01,VIIRS375,375,9955839.6898693,665987.694496605,4.6593,22.9813,7.61904516178494,-80.4643299339407
03-Mar-2024 07:30:01,VIIRS375,375,9956214.6898693,665987.694496605,4.6593,21.9392288923437,7.61904516178494,-80.4643299339407
03-Mar-2024 07:30:01,VIIRS375,375,9956589.6898693,665987.694496605,4.6593,14.2402657827809,7.61904516178494,-80.4643299339407
03-Mar-2024 07:30:01,VIIRS375,375,9956964.6898693,665987.694496605,4.6593,8.90933623091626,7.61904516178494,-80.4643299339407
03-Mar-2024 07:30:01,VIIRS375,375,9957339.6898693,665987.694496605,2.08001632489107,8.00692689611392,7.61904516178494,-80.4643299339407
03-Mar-2024 07:30:01,VIIRS375,375,9958089.6898693,665987.694496605,4.6593,14.9031179676362,7.61904516178494,-80.4643299339407
03-Mar-2024 07:30:01,VIIRS375,375,9958464.6898693,665987.694496605,4.6593,13.3361090136405,7.61904516178494,-80.4643299339407
03-Mar-2024 07:30:01,VIIRS375,375,9958839.6898693,665987.694496605,2.42665977653264,8.11904476803178,7.61904516178494,-80.4643299339407
03-Mar-2024 07:30:01,VIIRS375,375,9959214.6898693,665987.694496605,2.16224593479985,7.72646854458388,7.61904516178494,-80.4643299339407
03-Mar-2024 07:30:01,VIIRS375,375,9951339.6898693,666362.694496605,1.46831244198337,8.02034877152175,7.61904516178494,-80.4643299339407
03-Mar-2024 07:30:01,VIIRS375,375,9951714.6898693,666362.694496605,1.99220772070095,7.99236302160414,7.61904516178494,-80.4643299339407
03-Mar-2024 07:30:01,VIIRS375,375,9952089.6898693,666362.694496605,2.54183834830669,7.97424601734216,7.61904516178494,-80.4643299339407
03-Mar-2024 07:30:01,VIIRS375,375,9952464.6898693,666362.694496605,3.39802336482911,7.99144449155928,7.61904516178494,-80.4643299339407
03-Mar-2024 07:30:01,VIIRS375,375,9952839.6898693,666362.694496605,4.09585719602073,8.19339334425581,7.61904516178494,-80.4643299339407
03-Mar-2024 07:30:01,VIIRS375,375,9953214.6898693,666362.694496605,4.6593,11.2981424096896,7.61904516178494,-80.4643299339407
03-Mar-2024 07:30:01,VIIRS375,375,9953589.6898693,666362.694496605,4.6593,13.2345561577135,7.61904516178494,-80.4643299339407
03-Mar-2024 07:30:01,VIIRS375,375,9953964.6898693,666362.694496605,4.6593,14.7485109959678,7.61904516178494,-80.4643299339407
03-Mar-2024 07:30:01,VIIRS375,375,9954339.6898693,666362.694496605,4.6593,21.5198243195918,7.61904516178494,-80.4643299339407
03-Mar-2024 07:30:01,VIIRS375,375,9954714.6898693,666362.694496605,4.6593,17.6146123010017,7.61904516178494,-80.4643299339407
03-Mar-2024 07:30:01,VIIRS375,375,9955089.6898693,666362.694496605,4.6593,17.4478430838128,7.61904516178494,-80.4643299339407
03-Mar-2024 07:30:01,VIIRS375,375,9955464.6898693,666362.694496605,4.6593,21.6754861429616,7.61904516178494,-80.4643299339407
03-Mar-2024 07:30:01,VIIRS375,375,9955839.6898693,666362.694496605,4.6593,22.4603671850457,7.61904516178494,-80.4643299339407
03-Mar-2024 07:30:01,VIIRS375,375,9956214.6898693,666362.694496605,4.6593,20.6290844134217,7.61904516178494,-80.4643299339407
03-Mar-2024 07:30:01,VIIRS375,375,9956589.6898693,666362.694496605,4.6593,12.1722126427149,7.61904516178494,-80.4643299339407
03-Mar-2024 07:30:01,VIIRS375,375,9956964.6898693,666362.694496605,4.6593,15.6378418764316,7.61904516178494,-80.4643299339407
03-Mar-2024 07:30:01,VIIRS375,375,9957339.6898693,666362.694496605,3.1761953732956,8.20803268188577,7.61904516178494,-80.4643299339407
03-Mar-2024 07:30:01,VIIRS375,375,9957714.6898693,666362.694496605,2.51239420762268,8.62887503614069,7.61904516178494,-80.4643299339407
03-Mar-2024 07:30:01,VIIRS375,375,9958089.6898693,666362.694496605,2.0330478833941,9.40120121255713,7.61904516178494,-80.4643299339407
03-Mar-2024 07:30:01,VIIRS375,375,9951339.6898693,666737.694496605,1.5111456790937,7.96777543799116,7.61904516178494,-80.4643299339407
03-Mar-2024 07:30:01,VIIRS375,375,9951714.6898693,666737.694496605,1.9250738530611,7.97178572139505,7.61904516178494,-80.4643299339407
03-Mar-2024 07:30:01,VIIRS375,375,9952089.6898693,666737.694496605,2.24575326669454,7.98943340451994,7.61904516178494,-80.4643299339407
03-Mar-2024 07:30:01,VIIRS375,375,9952464.6898693,666737.694496605,2.62427351359919,8.05736053736072,7.61904516178494,-80.4643299339407
03-Mar-2024 07:30:01,VIIRS375,375,9952839.6898693,666737.694496605,3.78130942274203,8.14686308692846,7.61904516178494,-80.4643299339407
03-Mar-2024 07:30:01,VIIRS375,375,9953214.6898693,666737.694496605,4.6593,10.6805909456806,7.61904516178494,-80.4643299339407
03-Mar-2024 07:30:01,VIIRS375,375,9953589.6898693,666737.694496605,4.6593,18.5621879679974,7.61904516178494,-80.4643299339407
03-Mar-2024 07:30:01,VIIRS375,375,9953964.6898693,666737.694496605,4.6593,15.3079918077061,7.61904516178494,-80.4643299339407
03-Mar-2024 07:30:01,VIIRS375,375,9954339.6898693,666737.694496605,4.6593,11.7051533999491,7.61904516178494,-80.4643299339407
03-Mar-2024 07:30:01,VIIRS375,375,9954714.6898693,666737.694496605,4.6593,10.2573783415664,7.61904516178494,-80.4643299339407
03-Mar-2024 07:30:01,VIIRS375,375,9955089.6898693,666737.694496605,2.36941830638667,10.2219807647468,7.61904516178494,-80.4643299339407
03-Mar-2024 07:30:01,VIIRS375,375,9955464.6898693,666737.694496605,4.6593,16.1882868407386,7.61904516178494,-80.4643299339407
03-Mar-2024 07:30:01,VIIRS375,375,9955839.6898693,666737.694496605,4.6593,16.9736835682156,7.61904516178494,-80.4643299339407
03-Mar-2024 07:30:01,VIIRS375,375,9956214.6898693,666737.694496605,4.6593,16.5350655683734,7.61904516178494,-80.4643299339407
03-Mar-2024 07:30:01,VIIRS375,375,9956589.6898693,666737.694496605,4.6593,16.6023062969018,7.61904516178494,-80.4643299339407
03-Mar-2024 07:30:01,VIIRS375,375,9956964.6898693,666737.694496605,4.6593,17.454643756549,7.61904516178494,-80.4643299339407
03-Mar-2024 07:30:01,VIIRS375,375,9957339.6898693,666737.694496605,3.69948585610694,8.19709830822426,7.61904516178494,-80.4643299339407
03-Mar-2024 07:30:01,VIIRS375,375,9957714.6898693,666737.694496605,2.50601486984134,7.98547351195921,7.61904516178494,-80.4643299339407
03-Mar-2024 07:30:01,VIIRS375,375,9958089.6898693,666737.694496605,2.03006942003783,7.96681397421636,7.61904516178494,-80.4643299339407
03-Mar-2024 07:30:01,VIIRS375,375,9951339.6898693,667112.694496605,1.45174526738595,7.96111888418102,7.61904516178494,-80.4643299339407
03-Mar-2024 07:30:01,VIIRS375,375,9951714.6898693,667112.694496605,1.62717894605442,8.00354738544912,7.61904516178494,-80.4643299339407
03-Mar-2024 07:30:01,VIIRS375,375,9952089.6898693,667112.694496605,1.7954718346601,8.04364905173072,7.61904516178494,-80.4643299339407
03-Mar-2024 07:30:01,VIIRS375,375,9952464.6898693,667112.694496605,1.89982036436603,8.10196987348563,7.61904516178494,-80.4643299339407
03-Mar-2024 07:30:01,VIIRS375,375,9952839.6898693,667112.694496605,2.27859908582629,8.17349363880431,7.61904516178494,-80.4643299339407
03-Mar-2024 07:30:01,VIIRS375,375,9953214.6898693,667112.694496605,2.70120383175322,9.15866298591038,7.61904516178494,-80.4643299339407
03-Mar-2024 07:30:01,VIIRS375,375,9953589.6898693,667112.694496605,2.83495571527056,9.57449428910535,7.61904516178494,-80.4643299339407
03-Mar-2024 07:30:01,VIIRS375,375,9953964.6898693,667112.694496605,3.32229593737601,8.33857349346937,7.61904516178494,-80.4643299339407
03-Mar-2024 07:30:01,VIIRS375,375,9954339.6898693,667112.694496605,3.20047835728715,8.74745420030419,7.61904516178494,-80.4643299339407
03-Mar-2024 07:30:01,VIIRS375,375,9954714.6898693,667112.694496605,3.85445249015007,8.33396308519545,7.61904516178494,-80.4643299339407
03-Mar-2024 07:30:01,VIIRS375,375,9955089.6898693,667112.694496605,3.93447252311255,8.37446307613854,7.61904516178494,-80.4643299339407
03-Mar-2024 07:30:01,VIIRS375,375,9955464.6898693,667112.694496605,3.00904541015195,8.9332420551662,7.61904516178494,-80.4643299339407
03-Mar-2024 07:30:01,VIIRS375,375,9955839.6898693,667112.694496605,2.59573915697488,11.5635327834255,7.61904516178494,-80.4643299339407
03-Mar-2024 07:30:01,VIIRS375,375,9956214.6898693,667112.694496605,3.26368117343202,8.52782230146591,7.61904516178494,-80.4643299339407
03-Mar-2024 07:30:01,VIIRS375,375,9956964.6898693,667112.694496605,4.6593,12.6912280597519,7.61904516178494,-80.4643299339407
03-Mar-2024 07:30:01,VIIRS375,375,9957339.6898693,667112.694496605,2.57060769426511,8.21043285589364,7.61904516178494,-80.4643299339407
03-Mar-2024 07:30:01,VIIRS375,375,9957714.6898693,667112.694496605,2.26550069555617,8.03422630265569,7.61904516178494,-80.4643299339407
03-Mar-2024 07:30:01,VIIRS375,375,9958089.6898693,667112.694496605,1.57866320539885,7.98865806277689,7.61904516178494,-80.4643299339407
03-Mar-2024 07:30:01,VIIRS375,375,9952839.6898693,667487.694496605,1.67884490827332,8.1737220089848,7.61904516178494,-80.4643299339407
03-Mar-2024 07:30:01,VIIRS375,375,9953214.6898693,667487.694496605,2.67525070010482,8.22207085341019,7.61904516178494,-80.4643299339407
03-Mar-2024 07:30:01,VIIRS375,375,9953589.6898693,667487.694496605,3.14996718542434,8.24211814259145,7.61904516178494,-80.4643299339407
03-Mar-2024 07:30:01,VIIRS375,375,9953964.6898693,667487.694496605,3.20150002295445,8.24093478363766,7.61904516178494,-80.4643299339407
03-Mar-2024 07:30:01,VIIRS375,375,9954339.6898693,667487.694496605,3.18483239823358,8.22973199386665,7.61904516178494,-80.4643299339407
03-Mar-2024 07:30:01,VIIRS375,375,9954714.6898693,667487.694496605,3.14907905233167,8.222496007674,7.61904516178494,-80.4643299339407
03-Mar-2024 07:30:01,VIIRS375,375,9955089.6898693,667487.694496605,3.55791092019234,8.22962711012948,7.61904516178494,-80.4643299339407
03-Mar-2024 07:30:01,VIIRS375,375,9955464.6898693,667487.694496605,3.57967653468284,8.26923265696596,7.61904516178494,-80.4643299339407
03-Mar-2024 07:30:01,VIIRS375,375,9955839.6898693,667487.694496605,3.740857172032,8.25761013684802,7.61904516178494,-80.4643299339407
03-Mar-2024 07:30:01,VIIRS375,375,9956214.6898693,667487.694496605,3.59182093588956,8.21797828704193,7.61904516178494,-80.4643299339407
03-Mar-2024 07:30:01,VIIRS375,375,9956589.6898693,667487.694496605,2.72583690197672,8.1754385089488,7.61904516178494,-80.4643299339407
03-Mar-2024 07:30:01,VIIRS375,375,9956964.6898693,667487.694496605,1.87042508318097,9.19702082125223,7.61904516178494,-80.4643299339407
03-Mar-2024 07:30:01,VIIRS375,375,9957339.6898693,667487.694496605,1.7378410251959,8.15132873646723,7.61904516178494,-80.4643299339407
03-Mar-2024 07:30:01,VIIRS375,375,9953214.6898693,667862.694496605,1.94217971632189,8.22309384635841,7.61904516178494,-80.4643299339407
03-Mar-2024 07:30:01,VIIRS375,375,9953589.6898693,667862.694496605,2.01036605759885,8.25957115134982,7.61904516178494,-80.4643299339407
03-Mar-2024 07:30:01,VIIRS375,375,9953964.6898693,667862.694496605,2.0804334075812,8.23049406610483,7.61904516178494,-80.4643299339407
03-Mar-2024 07:30:01,VIIRS375,375,9954339.6898693,667862.694496605,2.27574384098028,8.22821691383089,7.61904516178494,-80.4643299339407
03-Mar-2024 07:30:01,VIIRS375,375,9954714.6898693,667862.694496605,2.37018447374929,8.2184743709635,7.61904516178494,-80.4643299339407
03-Mar-2024 07:30:01,VIIRS375,375,9955089.6898693,667862.694496605,2.34813599244037,8.21726072195307,7.61904516178494,-80.4643299339407
03-Mar-2024 07:30:01,VIIRS375,375,9955464.6898693,667862.694496605,2.5709940497934,8.21586011425381,7.61904516178494,-80.4643299339407
03-Mar-2024 07:30:01,VIIRS375,375,9955839.6898693,667862.694496605,2.68307190406906,8.17475385318464,7.61904516178494,-80.4643299339407
03-Mar-2024 07:30:01,VIIRS375,375,9956214.6898693,667862.694496605,2.5035923494429,8.13401424403351,7.61904516178494,-80.4643299339407
03-Mar-2024 07:30:01,VIIRS375,375,9956589.6898693,667862.694496605,1.76190568884001,8.12748064552613,7.61904516178494,-80.4643299339407
03-Mar-2024 07:30:01,VIIRS375,375,9954339.6898693,668237.694496605,1.4580353129124,8.22282184210713,7.61904516178494,-80.4643299339407
03-Mar-2024 07:30:01,VIIRS375,375,9954714.6898693,668237.694496605,1.58750848791579,8.22539142951633,7.61904516178494,-80.4643299339407
03-Mar-2024 07:30:01,VIIRS375,375,9955089.6898693,668237.694496605,1.60384152633028,8.21529452680144,7.61904516178494,-80.4643299339407
03-Mar-2024 07:30:01,VIIRS375,375,9955464.6898693,668237.694496605,1.65639961676896,8.20008846684192,7.61904516178494,-80.4643299339407
03-Mar-2024 07:30:01,VIIRS375,375,9955839.6898693,668237.694496605,1.60519718274257,8.17153788544277,7.61904516178494,-80.4643299339407
03-Mar-2024 07:30:01,VIIRS375,375,9956214.6898693,668237.694496605,1.65242744331299,8.14428546717296,7.61904516178494,-80.4643299339407
03-Mar-2024 07:30:01,VIIRS375,375,9955464.6898693,660737.694496605,0.57908673007405,7.2924079333781,7.61904516178494,-80.4643299339407
03-Mar-2024 07:30:01,VIIRS375,375,9955464.6898693,661112.694496605,0.528447442018991,7.07264572123617,7.61904516178494,-80.4643299339407
03-Mar-2024 07:30:01,VIIRS375,375,9955464.6898693,661487.694496605,0.494334950969941,6.58988669016423,7.61904516178494,-80.4643299339407
03-Mar-2024 07:30:01,VIIRS375,375,9955464.6898693,661862.694496605,0.516067411952305,6.18510539238619,7.61904516178494,-80.4643299339407
03-Mar-2024 07:30:01,VIIRS375,375,9955089.6898693,662237.694496605,0.873365636375605,7.4363540696361,7.61904516178494,-80.4643299339407
03-Mar-2024 07:30:01,VIIRS375,375,9955464.6898693,662612.694496605,0.625301355568261,6.20042142111607,7.61904516178494,-80.4643299339407
03-Mar-2024 07:30:01,VIIRS375,375,9955464.6898693,662987.694496605,0.482389151341267,5.61054172489393,7.61904516178494,-80.4643299339407
03-Mar-2024 07:30:01,VIIRS375,375,9952464.6898693,663737.694496605,0.871950543858901,8.13332468117436,7.61904516178494,-80.4643299339407
03-Mar-2024 07:30:01,VIIRS375,375,9955464.6898693,664112.694496605,0.575722682028383,5.05357868852729,7.61904516178494,-80.4643299339407
03-Mar-2024 07:30:01,VIIRS375,375,9955839.6898693,664112.694496605,0.53440127753334,5.00843179621128,7.61904516178494,-80.4643299339407
03-Mar-2024 07:30:01,VIIRS375,375,9952089.6898693,664487.694496605,1.05865220096222,8.13762699046942,7.61904516178494,-80.4643299339407
03-Mar-2024 07:30:01,VIIRS375,375,9956589.6898693,664487.694496605,0.669611841983649,4.87888464576979,7.61904516178494,-80.4643299339407
03-Mar-2024 07:30:01,VIIRS375,375,9957339.6898693,664862.694496605,0.547841113096205,4.91066100787405,7.61904516178494,-80.4643299339407
03-Mar-2024 07:30:01,VIIRS375,375,9957714.6898693,664862.694496605,0.52075636559175,5.0512972609512,7.61904516178494,-80.4643299339407
03-Mar-2024 07:30:01,VIIRS375,375,9951714.6898693,665237.694496605,1.15475777414989,8.14710986404382,7.61904516178494,-80.4643299339407
03-Mar-2024 07:30:01,VIIRS375,375,9955089.6898693,665237.694496605,1.06500038588641,7.40819365434203,7.61904516178494,-80.4643299339407
03-Mar-2024 07:30:01,VIIRS375,375,9959214.6898693,665237.694496605,1.14344420994625,9.22206197001683,7.61904516178494,-80.4643299339407
03-Mar-2024 07:30:01,VIIRS375,375,9951339.6898693,665612.694496605,1.15243354520658,8.07840507075817,7.61904516178494,-80.4643299339407
03-Mar-2024 07:30:01,VIIRS375,375,9959589.6898693,665987.694496605,0.734585384412243,7.65270483790366,7.61904516178494,-80.4643299339407
03-Mar-2024 07:30:01,VIIRS375,375,9958464.6898693,666362.694496605,1.40254128727935,8.5932136307871,7.61904516178494,-80.4643299339407
03-Mar-2024 07:30:01,VIIRS375,375,9950964.6898693,667112.694496605,1.20961598661504,7.9500278043359,7.61904516178494,-80.4643299339407
03-Mar-2024 07:30:01,VIIRS375,375,9951714.6898693,667487.694496605,1.23533444865665,8.10465783778582,7.61904516178494,-80.4643299339407
03-Mar-2024 07:30:01,VIIRS375,375,9952089.6898693,667487.694496605,1.30809710588209,8.13410468169484,7.61904516178494,-80.4643299339407
03-Mar-2024 07:30:01,VIIRS375,375,9957714.6898693,667487.694496605,1.26574244214129,8.04661328250126,7.61904516178494,-80.4643299339407
03-Mar-2024 07:30:01,VIIRS375,375,9952839.6898693,667862.694496605,1.16127531712337,8.20503929636318,7.61904516178494,-80.4643299339407
03-Mar-2024 07:30:01,VIIRS375,375,9956964.6898693,667862.694496605,1.35813251504116,8.11653899418625,7.61904516178494,-80.4643299339407
03-Mar-2024 07:30:01,VIIRS375,375,9957339.6898693,667862.694496605,1.24649865161482,8.06640003212538,7.61904516178494,-80.4643299339407
03-Mar-2024 07:30:01,VIIRS375,375,9953589.6898693,668237.694496605,1.22026309076935,8.2591288374488,7.61904516178494,-80.4643299339407
03-Mar-2024 07:30:01,VIIRS375,375,9956589.6898693,668237.694496605,1.2993575792671,8.14886087502332,7.61904516178494,-80.4643299339407
03-Mar-2024 07:30:01,VIIRS375,375,9955089.6898693,668612.694496605,1.1667928626275,8.20941873464566,7.61904516178494,-80.4643299339407
03-Mar-2024 07:30:01,VIIRS375,375,9955464.6898693,668612.694496605,1.20996541405623,8.180308563601,7.61904516178494,-80.4643299339407
03-Mar-2024 07:30:01,VIIRS375,375,9956589.6898693,658862.694496605,0.409704621447231,7.35757849758559,7.61904516178494,-80.4643299339407
03-Mar-2024 07:30:01,VIIRS375,375,9956964.6898693,659237.694496605,0.452631274727748,7.19970172551652,7.61904516178494,-80.4643299339407
03-Mar-2024 07:30:01,VIIRS375,375,9957714.6898693,659237.694496605,0.428483545811369,6.74004326139961,7.61904516178494,-80.4643299339407
03-Mar-2024 07:30:01,VIIRS375,375,9958089.6898693,659237.694496605,0.283045618377545,5.9276146528871,7.61904516178494,-80.4643299339407
03-Mar-2024 07:30:01,VIIRS375,375,9956964.6898693,659612.694496605,0.420015079326129,6.8335729540138,7.61904516178494,-80.4643299339407
03-Mar-2024 07:30:01,VIIRS375,375,9959589.6898693,659612.694496605,0.433116373785279,5.83711661482562,7.61904516178494,-80.4643299339407
03-Mar-2024 07:30:01,VIIRS375,375,9959964.6898693,659612.694496605,0.516202600368262,6.60346138239049,7.61904516178494,-80.4643299339407
03-Mar-2024 07:30:01,VIIRS375,375,9960339.6898693,659612.694496605,0.454723400014694,6.82826609674045,7.61904516178494,-80.4643299339407
03-Mar-2024 07:30:01,VIIRS375,375,9956964.6898693,659987.694496605,0.291278285031039,6.17484214143719,7.61904516178494,-80.4643299339407
03-Mar-2024 07:30:01,VIIRS375,375,9957339.6898693,659987.694496605,0.33072086025353,5.87983121128707,7.61904516178494,-80.4643299339407
03-Mar-2024 07:30:01,VIIRS375,375,9957714.6898693,659987.694496605,0.263082598285296,5.66068145326224,7.61904516178494,-80.4643299339407
03-Mar-2024 07:30:01,VIIRS375,375,9959214.6898693,659987.694496605,0.462630328530772,6.04227939208992,7.61904516178494,-80.4643299339407
03-Mar-2024 07:30:01,VIIRS375,375,9959589.6898693,659987.694496605,0.645641636199579,6.61554766275207,7.61904516178494,-80.4643299339407
03-Mar-2024 07:30:01,VIIRS375,375,9959214.6898693,660362.694496605,0.652582593194094,6.75161260197313,7.61904516178494,-80.4643299339407
03-Mar-2024 07:30:01,VIIRS375,375,9960339.6898693,660362.694496605,0.723272946631496,6.69025742593324,7.61904516178494,-80.4643299339407
03-Mar-2024 07:30:01,VIIRS375,375,9960714.6898693,660362.694496605,0.533922533083188,7.11205592534352,7.61904516178494,-80.4643299339407
03-Mar-2024 07:30:01,VIIRS375,375,9959964.6898693,660737.694496605,0.753362938437797,6.90041932045142,7.61904516178494,-80.4643299339407
03-Mar-2024 07:30:01,VIIRS375,375,9960339.6898693,660737.694496605,0.707721965790389,6.90650050170599,7.61904516178494,-80.4643299339407
03-Mar-2024 07:30:01,VIIRS375,375,9958089.6898693,661112.694496605,0.262266870511983,5.59930576814628,7.61904516178494,-80.4643299339407
03-Mar-2024 07:30:01,VIIRS375,375,9960714.6898693,661112.694496605,0.687019020864746,7.24916404882005,7.61904516178494,-80.4643299339407
03-Mar-2024 07:30:01,VIIRS375,375,9958464.6898693,661487.694496605,0.386573168852388,5.68419108730644,7.61904516178494,-80.4643299339407
03-Mar-2024 07:30:01,VIIRS375,375,9959214.6898693,661487.694496605,0.714917155394114,6.6713667006171,7.61904516178494,-80.4643299339407
03-Mar-2024 07:30:01,VIIRS375,375,9957714.6898693,661862.694496605,0.212514107018077,5.38270812061925,7.61904516178494,-80.4643299339407
03-Mar-2024 07:30:01,VIIRS375,375,9960339.6898693,661862.694496605,0.645890671014352,7.81741866361713,7.61904516178494,-80.4643299339407
03-Mar-2024 07:30:01,VIIRS375,375,9960714.6898693,661862.694496605,0.553726693550444,7.54246892002845,7.61904516178494,-80.4643299339407
03-Mar-2024 07:30:01,VIIRS375,375,9959214.6898693,662237.694496605,1.08673600046887,7.58252297056402,7.61904516178494,-80.4643299339407
03-Mar-2024 07:30:01,VIIRS375,375,9959964.6898693,662237.694496605,0.670437530452931,8.21345751529916,7.61904516178494,-80.4643299339407
03-Mar-2024 07:30:01,VIIRS375,375,9958089.6898693,662612.694496605,0.217030178560072,5.26607543079193,7.61904516178494,-80.4643299339407
03-Mar-2024 07:30:01,VIIRS375,375,9958464.6898693,663737.694496605,0.40360852907322,5.31480135294676,7.61904516178494,-80.4643299339407
